Date,Location
2024-03-29,All
2024-03-30,All
2024-03-31,All
2023-02-24,All
2023-02-25,All
2023-02-26,All
2023-09-02,All
2023-09-03,All
2023-09-04,All
2023-09-05,All
2023-09-06,All
2023-09-07,All
2023-09-08,All
2023-09-09,All
2023-09-10,All
2023-09-11,All
2023-09-12,All
2023-09-13,All
2023-09-14,All
2023-09-15,All
2023-09-16,All
2023-09-17,All
2023-10-14,All
2023-10-15,All
2022-01-14,All
2022-01-15,All
2022-01-16,All
2022-01-17,All
2022-01-18,All
2022-01-19,All
2022-01-20,All
2022-01-21,All
2022-01-22,All
2022-01-23,All
2022-01-24,All
2022-01-25,All
2022-01-26,All
2022-01-27,All
2022-01-28,All
2022-01-29,All
2022-01-30,All
2022-01-31,All
2022-02-01,All
2022-02-02,All
2022-02-03,All
2022-02-04,All
2022-02-05,All
2022-02-06,All
2022-02-12,All
2022-02-13,All
2022-02-14,All
2022-02-15,All
2022-02-16,All
2022-02-17,All
2022-02-18,All
2022-02-19,All
2022-02-20,All
2022-02-19,All
2022-02-20,All
2022-02-21,All
2022-02-22,All
2022-02-23,All
2022-02-24,All
2022-02-25,All
2022-02-26,All
2022-02-27,All
2022-02-28,All
2022-03-01,All
2022-03-02,All
2022-03-03,All
2022-03-04,All
2022-03-05,All
2022-03-06,All
2022-03-07,All
2022-03-08,All
2022-03-09,All
2022-03-10,All
2022-03-11,All
2022-03-12,All
2022-03-13,All
2022-03-14,All
2022-03-15,All
2022-03-16,All
2022-03-17,All
2022-03-18,All
2022-03-19,All
2022-03-20,All
2022-03-21,All
2022-03-22,All
2022-03-23,All
2022-03-24,All
2022-03-25,All
2022-03-26,All
2022-03-27,All
2022-03-28,All
2022-03-29,All
2022-03-30,All
2022-03-31,All
2022-04-01,All
2022-04-02,All
2022-04-03,All
2022-04-04,All
2022-04-05,All
2022-04-06,All
2022-04-07,All
2022-04-08,All
2022-04-09,All
2022-04-10,All
2022-04-11,All
2022-04-12,All
2022-04-13,All
2022-04-14,All
2022-04-15,All
2022-04-16,All
2022-04-17,All
2022-04-18,All
2022-04-19,All
2022-04-20,All
2022-04-21,All
2022-04-22,All
2022-04-23,All
2022-04-24,All
2022-04-25,All
2022-04-26,All
2022-04-27,All
2022-04-28,All
2022-04-29,All
2022-04-30,All
2022-05-01,All
2022-05-02,All
2022-05-03,All
2022-05-04,All
2022-05-05,All
2022-05-06,All
2022-05-07,All
2022-05-08,All
2022-05-09,All
2022-05-10,All
2022-05-11,All
2022-05-12,All
2022-05-13,All
2022-05-14,All
2022-05-15,All
2022-05-16,All
2022-05-17,All
2022-05-18,All
2022-05-19,All
2022-05-20,All
2022-05-21,All
2022-05-22,All
2022-05-23,All
2022-05-24,All
2022-05-25,All
2022-05-26,All
2022-05-27,All
2022-05-28,All
2022-05-29,All
2022-05-30,All
2022-05-31,All
2022-06-01,All
2022-06-02,All
2022-06-03,All
2022-06-04,All
2022-06-05,All
2022-06-06,All
2022-06-07,All
2022-06-08,All
2022-06-09,All
2022-06-10,All
2022-06-11,All
2022-06-12,All
2022-06-13,All
2022-06-14,All
2022-06-15,All
2022-06-16,All
2022-06-17,All
2022-06-18,All
2022-06-19,All
2022-06-20,All
2022-06-21,All
2022-06-22,All
2022-06-23,All
2022-06-24,All
2022-06-25,All
2022-06-26,All
2022-06-27,All
2022-06-28,All
2022-06-29,All
2022-06-30,All
2022-07-01,All
2022-07-02,All
2022-07-03,All
2022-03-05,All
2022-03-25,All
2022-03-26,All
2022-03-27,All
2022-03-28,All
2022-03-29,All
2022-03-30,All
2022-03-31,All
2022-04-01,All
2022-04-02,All
2022-04-03,All
2022-04-04,All
2022-04-05,All
2022-04-06,All
2022-04-07,All
2022-04-08,All
2022-04-09,All
2022-04-10,All
2022-04-11,All
2022-04-12,All
2022-04-13,All
2022-04-14,All
2022-04-15,All
2022-04-16,All
2022-04-17,All
2022-04-18,All
2022-04-19,All
2022-04-20,All
2022-04-21,All
2022-04-22,All
2022-04-23,All
2022-04-24,All
2022-04-25,All
2022-04-26,All
2022-04-27,All
2022-04-28,All
2022-04-29,All
2022-04-30,All
2022-05-01,All
2022-05-02,All
2022-05-03,All
2022-05-04,All
2022-05-05,All
2022-05-06,All
2022-05-07,All
2022-05-08,All
2022-05-09,All
2022-05-10,All
2022-05-11,All
2022-05-12,All
2022-05-13,All
2022-05-14,All
2022-05-15,All
2022-05-16,All
2022-05-17,All
2022-05-18,All
2022-05-19,All
2022-05-20,All
2022-05-21,All
2022-05-22,All
2022-05-23,All
2022-05-24,All
2022-05-25,All
2022-05-26,All
2022-05-27,All
2022-05-28,All
2022-05-29,All
2022-05-30,All
2022-05-31,All
2022-06-01,All
2022-06-02,All
2022-06-03,All
2022-06-04,All
2022-06-05,All
2022-06-06,All
2022-06-07,All
2022-06-08,All
2022-06-09,All
2022-06-10,All
2022-06-11,All
2022-06-12,All
2022-06-13,All
2022-06-14,All
2022-06-15,All
2022-06-16,All
2022-06-17,All
2022-06-18,All
2022-06-19,All
2022-06-20,All
2022-06-21,All
2022-06-22,All
2022-06-23,All
2022-06-24,All
2022-06-25,All
2022-06-26,All
2022-06-27,All
2022-06-28,All
2022-06-29,All
2022-06-30,All
2022-07-01,All
2022-07-02,All
2022-07-03,All
2022-04-23,All
2022-04-24,All
2022-04-29,All
2022-04-30,All
2022-05-01,All
2022-05-02,All
2022-05-03,All
2022-05-04,All
2022-05-05,All
2022-05-06,All
2022-05-07,All
2022-05-08,All
2022-05-09,All
2022-05-10,All
2022-05-11,All
2022-05-12,All
2022-05-13,All
2022-05-14,All
2022-05-15,All
2022-05-16,All
2022-05-17,All
2022-05-18,All
2022-05-19,All
2022-05-20,All
2022-05-21,All
2022-05-22,All
2022-05-23,All
2022-05-24,All
2022-05-25,All
2022-05-26,All
2022-05-27,All
2022-05-28,All
2022-05-29,All
2022-05-06,All
2022-05-07,All
2022-05-08,All
2022-05-09,All
2022-05-10,All
2022-05-11,All
2022-05-12,All
2022-05-13,All
2022-05-14,All
2022-05-15,All
2022-05-16,All
2022-05-17,All
2022-05-18,All
2022-05-19,All
2022-05-20,All
2022-05-21,All
2022-05-22,All
2022-05-23,All
2022-05-24,All
2022-05-25,All
2022-05-26,All
2022-05-27,All
2022-05-28,All
2022-05-29,All
2022-05-30,All
2022-05-31,All
2022-06-01,All
2022-06-02,All
2022-06-03,All
2022-06-04,All
2022-06-05,All
2022-06-06,All
2022-06-07,All
2022-06-08,All
2022-06-09,All
2022-06-10,All
2022-06-11,All
2022-06-12,All
2022-06-13,All
2022-06-14,All
2022-06-15,All
2022-06-16,All
2022-06-17,All
2022-06-18,All
2022-06-19,All
2022-06-20,All
2022-06-21,All
2022-06-22,All
2022-06-23,All
2022-06-24,All
2022-06-25,All
2022-06-26,All
2022-06-27,All
2022-06-28,All
2022-06-29,All
2022-06-30,All
2022-07-01,All
2022-07-02,All
2022-07-03,All
2022-07-04,All
2022-07-05,All
2022-07-06,All
2022-07-07,All
2022-07-08,All
2022-07-09,All
2022-07-10,All
2022-07-11,All
2022-07-12,All
2022-07-13,All
2022-07-14,All
2022-07-15,All
2022-07-16,All
2022-07-17,All
2022-07-18,All
2022-07-19,All
2022-07-20,All
2022-07-21,All
2022-07-22,All
2022-07-23,All
2022-07-24,All
2022-07-25,All
2022-07-26,All
2022-07-27,All
2022-07-28,All
2022-07-29,All
2022-07-30,All
2022-07-31,All
2022-05-07,All
2022-05-08,All
2022-05-09,All
2022-05-10,All
2022-05-11,All
2022-05-12,All
2022-05-13,All
2022-05-14,All
2022-05-15,All
2022-05-16,All
2022-05-17,All
2022-05-18,All
2022-05-19,All
2022-05-20,All
2022-05-21,All
2022-05-22,All
2022-05-23,All
2022-05-24,All
2022-05-25,All
2022-05-26,All
2022-05-27,All
2022-05-28,All
2022-05-29,All
2022-05-30,All
2022-05-31,All
2022-06-01,All
2022-06-02,All
2022-06-03,All
2022-06-04,All
2022-06-05,All
2022-06-06,All
2022-06-07,All
2022-06-08,All
2022-06-09,All
2022-06-10,All
2022-06-11,All
2022-06-12,All
2022-06-13,All
2022-06-14,All
2022-06-15,All
2022-06-16,All
2022-06-17,All
2022-06-18,All
2022-06-19,All
2022-06-20,All
2022-06-21,All
2022-06-22,All
2022-06-23,All
2022-06-24,All
2022-06-25,All
2022-06-26,All
2022-06-03,All
2022-06-04,All
2022-06-05,All
2022-06-06,All
2022-06-07,All
2022-06-08,All
2022-06-09,All
2022-06-10,All
2022-06-11,All
2022-06-12,All
2022-06-12,All
2022-06-13,All
2022-06-14,All
2022-06-15,All
2022-06-16,All
2022-06-17,All
2022-06-18,All
2022-06-19,All
2022-06-20,All
2022-06-21,All
2022-06-22,All
2022-06-23,All
2022-06-24,All
2022-06-25,All
2022-06-26,All
2022-06-27,All
2022-06-28,All
2022-06-29,All
2022-06-30,All
2022-07-01,All
2022-07-02,All
2022-07-03,All
2022-07-04,All
2022-07-05,All
2022-07-06,All
2022-07-07,All
2022-07-08,All
2022-07-09,All
2022-07-10,All
2022-07-11,All
2022-07-12,All
2022-07-13,All
2022-07-14,All
2022-07-15,All
2022-07-16,All
2022-07-17,All
2022-07-18,All
2022-07-19,All
2022-07-20,All
2022-07-21,All
2022-07-22,All
2022-07-23,All
2022-07-24,All
2022-07-25,All
2022-07-26,All
2022-07-27,All
2022-07-05,All
2022-07-06,All
2022-07-07,All
2022-07-08,All
2022-07-09,All
2022-07-10,All
2022-07-11,All
2022-07-12,All
2022-07-13,All
2022-07-14,All
2022-07-15,All
2022-07-16,All
2022-07-17,All
2022-07-18,All
2022-07-19,All
2022-07-20,All
2022-07-21,All
2022-07-22,All
2022-07-23,All
2022-07-24,All
2022-07-25,All
2022-07-26,All
2022-07-27,All
2022-07-28,All
2022-07-29,All
2022-07-30,All
2022-07-31,All
2022-08-01,All
2022-08-02,All
2022-08-03,All
2022-08-04,All
2022-08-05,All
2022-08-06,All
2022-08-07,All
2022-08-08,All
2022-08-09,All
2022-08-10,All
2022-08-11,All
2022-08-12,All
2022-08-13,All
2022-08-14,All
2022-07-12,All
2022-07-13,All
2022-07-14,All
2022-07-15,All
2022-07-16,All
2022-07-17,All
2022-07-18,All
2022-07-19,All
,All
2022-08-12,All
2022-08-13,All
2022-08-14,All
,All
2022-08-16,All
2022-08-17,All
2022-08-18,All
2022-08-19,All
2022-08-20,All
2022-08-21,All
2022-08-22,All
2022-08-23,All
2022-08-24,All
2022-08-25,All
2022-08-26,All
2022-08-27,All
2022-08-28,All
2022-08-29,All
2022-08-30,All
2022-08-31,All
2022-09-01,All
2022-09-02,All
2022-09-03,All
2022-09-04,All
2022-09-05,All
2022-09-06,All
2022-09-07,All
2022-09-08,All
2022-09-09,All
2022-09-10,All
2022-09-11,All
2022-09-12,All
2022-09-13,All
2022-09-14,All
2022-09-15,All
2022-09-16,All
2022-09-17,All
2022-09-18,All
2022-09-19,All
2022-09-20,All
2022-09-21,All
2022-09-22,All
2022-09-23,All
2022-09-24,All
2022-09-25,All
2022-08-19,All
2022-08-20,All
2022-08-21,All
2022-08-22,All
2022-08-23,All
2022-08-24,All
2022-08-25,All
2022-08-26,All
2022-08-27,All
2022-08-22,All
2022-08-23,All
2022-08-24,All
2022-08-25,All
2022-08-26,All
2022-08-27,All
2022-08-28,All
2022-08-29,All
2022-08-30,All
2022-08-31,All
2022-09-01,All
2022-09-02,All
2022-09-03,All
2022-09-04,All
2022-09-05,All
2022-09-06,All
2022-09-07,All
2022-09-08,All
2022-09-09,All
2022-09-10,All
2022-09-03,All
2022-09-04,All
2022-09-05,All
2022-09-06,All
2022-09-07,All
2022-09-08,All
2022-09-09,All
2022-09-10,All
2022-09-11,All
2022-09-16,All
2022-09-17,All
2022-09-18,All
2022-09-19,All
2022-09-20,All
2022-09-21,All
2022-09-22,All
2022-09-23,All
2022-09-24,All
2022-09-25,All
2022-09-26,All
2022-09-27,All
2022-09-28,All
2022-09-29,All
2022-09-30,All
2022-10-01,All
2022-10-02,All
2022-10-03,All
2022-10-04,All
2022-10-05,All
2022-10-06,All
2022-10-07,All
2022-10-08,All
2022-10-09,All
2022-10-10,All
2022-10-11,All
2022-10-12,All
2022-10-13,All
2022-10-14,All
2022-10-15,All
2022-10-16,All
2022-10-17,All
2022-10-18,All
2022-10-19,All
2022-10-20,All
2022-10-21,All
2022-10-22,All
2022-10-23,All
2022-10-24,All
2022-10-25,All
2022-10-26,All
2022-10-27,All
2022-10-28,All
2022-10-29,All
2022-10-30,All
2022-10-14,All
2022-10-15,All
2022-10-16,All
2022-10-17,All
2022-10-18,All
2022-10-19,All
2022-10-20,All
2022-10-21,All
2022-10-22,All
2022-10-23,All
2022-10-24,All
2022-10-25,All
2022-10-26,All
2022-10-27,All
2022-10-28,All
2022-10-29,All
2022-10-30,All
2022-10-31,All
2022-11-01,All
2022-11-02,All
2022-11-03,All
2022-11-04,All
2022-11-05,All
2022-11-06,All
2022-11-07,All
2022-11-08,All
2022-11-09,All
2022-11-10,All
2022-11-11,All
2022-11-12,All
2022-11-13,All
2022-11-14,All
2022-11-15,All
2022-11-16,All
2022-11-17,All
2022-11-18,All
2022-11-19,All
2021-01-16,All
2021-01-17,All
2021-01-18,All
2021-01-19,All
2021-01-20,All
2021-01-21,All
2021-01-22,All
2021-01-23,All
2021-01-24,All
2021-01-25,All
2021-01-26,All
2021-01-27,All
2021-01-28,All
2021-01-29,All
2021-01-30,All
2021-01-31,All
2021-02-01,All
2021-02-02,All
2021-02-03,All
2021-02-04,All
2021-02-05,All
2021-02-06,All
2021-02-07,All
2021-02-08,All
2021-02-09,All
2021-02-10,All
2021-02-11,All
2021-02-12,All
2021-02-13,All
2021-02-14,All
2021-02-15,All
2021-02-16,All
2021-02-17,All
2021-02-18,All
2021-02-19,All
2021-02-20,All
2021-02-21,All
2021-02-22,All
2021-02-23,All
2021-02-24,All
2021-02-25,All
2021-02-26,All
2021-02-27,All
2021-02-28,All
2021-03-01,All
2021-03-02,All
2021-03-03,All
2021-03-04,All
2021-03-05,All
2021-03-06,All
2021-01-22,All
2021-01-23,All
2021-01-24,All
2021-01-25,All
2021-01-26,All
2021-01-27,All
2021-01-28,All
2021-01-29,All
2021-01-30,All
2021-01-31,All
2021-01-22,All
2021-01-23,All
2021-01-24,All
2021-01-25,All
2021-01-26,All
2021-01-27,All
2021-01-28,All
2021-01-29,All
2021-01-30,All
2021-01-28,All
2021-01-29,All
2021-01-30,All
2021-01-31,All
2021-02-01,All
2021-02-02,All
2021-02-03,All
2021-02-04,All
2021-02-05,All
2021-02-06,All
2021-02-07,All
2021-02-08,All
2021-02-09,All
2021-02-10,All
2021-02-11,All
2021-02-12,All
2021-02-13,All
2021-02-14,All
2021-02-15,All
2021-02-16,All
2021-02-17,All
2021-02-18,All
2021-02-19,All
2021-02-20,All
2021-02-21,All
2021-02-22,All
2021-02-23,All
2021-02-24,All
2021-02-25,All
2021-02-26,All
2021-03-01,All
2021-03-02,All
2021-03-03,All
2021-03-04,All
2021-03-05,All
2021-03-06,All
2021-03-07,All
2021-03-08,All
2021-03-09,All
2021-03-10,All
2021-03-11,All
2021-03-12,All
2021-03-13,All
2021-03-14,All
2021-03-05,All
2021-03-06,All
2021-03-07,All
2021-03-08,All
2021-03-09,All
2021-03-10,All
2021-03-11,All
2021-03-12,All
2021-03-13,All
2021-03-14,All
2021-03-15,All
2021-03-16,All
2021-03-17,All
2021-03-18,All
2021-03-19,All
2021-03-20,All
2021-03-21,All
2021-03-22,All
2021-03-23,All
2021-03-24,All
2021-03-25,All
2021-03-26,All
2021-03-27,All
2021-03-28,All
2021-03-29,All
2021-03-30,All
2021-03-31,All
2021-03-05,All
2021-03-06,All
2021-03-07,All
2021-03-08,All
2021-03-09,All
2021-03-10,All
2021-03-11,All
2021-03-12,All
2021-03-13,All
2021-03-14,All
2021-03-15,All
2021-03-16,All
2021-03-17,All
2021-03-18,All
2021-02-27,All
2021-02-28,All
2021-03-01,All
2021-03-02,All
2021-03-03,All
2021-03-04,All
2021-03-05,All
2021-03-06,All
2021-03-07,All
2021-03-08,All
2021-03-09,All
2021-03-10,All
2021-03-11,All
2021-03-12,All
2021-03-13,All
2021-03-14,All
2021-03-15,All
2021-03-16,All
2021-03-17,All
2021-03-18,All
2021-03-11,All
2021-03-12,All
2021-03-13,All
2021-03-14,All
2021-03-15,All
2021-03-16,All
2021-03-17,All
2021-03-18,All
2021-03-19,All
2021-03-20,All
2021-03-21,All
2021-03-22,All
2021-03-23,All
2021-03-24,All
2021-03-25,All
2021-03-26,All
2021-03-27,All
2021-03-28,All
2021-05-27,All
2021-05-28,All
2021-05-29,All
2021-05-30,All
2021-05-31,All
2021-06-01,All
2021-06-02,All
2021-06-03,All
2021-06-04,All
2021-06-05,All
2021-06-06,All
2021-10-30,All
2021-10-31,All
2021-11-01,All
2021-11-02,All
2021-11-03,All
2021-11-04,All
2021-11-05,All
2021-11-06,All
2021-11-07,All
2021-11-08,All
2021-11-09,All
2021-11-10,All
2021-11-11,All
2021-11-12,All
2021-11-13,All
2021-11-14,All
2021-11-15,All
2021-11-16,All
2021-11-17,All
2021-11-18,All
2021-11-19,All
2021-11-20,All
2021-11-21,All
2021-11-22,All
2021-11-23,All
2021-11-24,All
2021-11-25,All
2021-11-26,All
2021-11-27,All
2021-11-28,All
2021-11-29,All
2021-11-30,All
2021-12-01,All
2021-12-02,All
2021-12-03,All
2021-12-04,All
2021-12-05,All
2021-11-04,All
2021-11-05,All
2021-11-06,All
2021-11-07,All
2021-11-22,All
2021-11-23,All
2021-11-24,All
2021-11-25,All
2021-11-26,All
2021-11-27,All
2021-11-28,All
2021-11-29,All
2021-11-30,All
2021-12-01,All
2021-12-02,All
2021-12-03,All
2021-12-04,All
2021-12-05,All
2021-12-06,All
2021-12-07,All
2021-12-08,All
2021-12-09,All
2021-12-10,All
2021-12-11,All
2021-12-12,All
2021-12-13,All
2021-12-14,All
2021-12-15,All
2021-12-16,All
2021-12-17,All
2021-12-18,All
2021-12-19,All
2021-12-20,All
2021-12-21,All
2021-12-22,All
2021-12-23,All
2021-12-24,All
2021-12-25,All
2021-12-26,All
2021-12-27,All
2021-12-28,All
2021-12-29,All
2021-12-30,All
2021-12-31,All
2021-12-01,All
2021-12-02,All
2021-12-03,All
2021-12-04,All
2021-12-05,All
2021-12-06,All
2021-12-07,All
2021-12-08,All
2021-12-09,All
2021-12-10,All
2021-12-11,All
2021-12-12,All
2021-12-13,All
2021-12-14,All
2021-12-15,All
2021-12-16,All
2021-12-17,All
2021-12-18,All
2021-12-19,All
2021-12-20,All
2021-12-21,All
2021-12-22,All
2021-12-23,All
2021-12-24,All
2021-12-25,All
2021-12-26,All
2021-12-27,All
2021-12-28,All
2021-12-29,All
2021-12-30,All
2021-12-31,All
2022-01-01,All
2022-01-02,All
2021-12-03,All
2021-12-04,All
2021-12-05,All
2021-12-06,All
2021-12-07,All
2021-12-08,All
2021-12-09,All
2021-12-10,All
2021-12-11,All
2021-12-12,All
2021-12-13,All
2021-12-14,All
2021-12-15,All
2021-12-16,All
2021-12-17,All
2021-12-18,All
2021-12-19,All
2021-12-03,All
2021-12-04,All
2021-12-05,All
2021-12-06,All
2021-12-07,All
2021-12-08,All
2021-12-09,All
2021-12-10,All
2021-12-11,All
2021-12-12,All
2021-12-13,All
2021-12-14,All
2021-12-15,All
2021-12-16,All
2021-12-17,All
2021-12-18,All
2021-12-19,All
2021-12-20,All
2021-12-21,All
2021-12-22,All
2021-12-23,All
2021-12-24,All
2021-12-25,All
2021-12-26,All
2021-12-03,All
2021-12-04,All
2021-12-05,All
2021-12-06,All
2021-12-07,All
2021-12-08,All
2021-12-09,All
2021-12-10,All
2021-12-11,All
2021-12-12,All
2021-12-13,All
2021-12-14,All
2021-12-15,All
2021-12-16,All
2021-12-17,All
2021-12-18,All
2021-12-19,All
2021-12-20,All
2021-12-21,All
2021-12-22,All
2021-12-23,All
2021-12-24,All
2021-12-25,All
2021-12-26,All
2021-12-27,All
2021-12-28,All
2021-12-29,All
2021-12-30,All
2021-12-31,All
2022-01-01,All
2022-01-02,All
2021-12-10,All
2021-12-11,All
2021-12-12,All
2021-12-13,All
2021-12-14,All
2021-12-15,All
2021-12-16,All
2021-12-17,All
2021-12-18,All
2021-12-19,All
2021-12-20,All
2021-12-21,All
2021-12-22,All
2021-12-23,All
2021-12-24,All
2021-12-25,All
2021-12-26,All
2021-12-27,All
2021-12-28,All
2021-12-29,All
2021-12-30,All
2021-12-31,All
2022-01-01,All
2022-01-02,All
2022-01-03,All
2022-01-04,All
2022-01-05,All
2022-01-06,All
2022-01-07,All
2022-01-08,All
2022-01-09,All
2022-01-10,All
2022-01-11,All
2022-01-12,All
2022-01-13,All
2022-01-14,All
2022-01-15,All
2022-01-16,All
2022-01-17,All
2022-01-18,All
2022-01-19,All
2022-01-20,All
2022-01-21,All
2022-01-22,All
2022-01-23,All
2022-01-24,All
2022-01-25,All
2022-01-26,All
2022-01-27,All
2022-01-28,All
2022-01-29,All
2022-01-30,All
2022-01-31,All
2022-02-01,All
2022-02-02,All
2022-02-03,All
2022-02-04,All
2022-02-05,All
2022-02-06,All
2022-02-07,All
2022-02-08,All
2022-02-09,All
2022-02-10,All
2022-02-11,All
2022-02-12,All
2022-02-13,All
2022-02-14,All
2022-02-15,All
2022-02-16,All
2022-02-17,All
2022-02-18,All
2022-02-19,All
2022-02-20,All
2022-02-21,All
2022-02-22,All
2022-02-23,All
2022-02-24,All
2022-02-25,All
2022-02-26,All
2022-02-27,All
2022-02-28,All
2022-03-01,All
2022-03-02,All
2022-03-03,All
2022-03-04,All
2022-03-05,All
2022-03-06,All
2022-03-07,All
2022-03-08,All
2022-03-09,All
2022-03-10,All
2022-03-11,All
2022-03-12,All
2022-03-13,All
2022-03-14,All
2022-03-15,All
2022-03-16,All
2022-03-17,All
2022-03-18,All
2022-03-19,All
2022-03-20,All
2022-03-21,All
2022-03-22,All
2022-03-23,All
2022-03-24,All
2022-03-25,All
2022-03-26,All
2022-03-27,All
2020-01-04,All
2020-01-11,All
2020-01-18,All
2020-01-11,All
2020-01-12,All
2020-01-13,All
2020-01-14,All
2020-01-15,All
2020-01-16,All
2020-01-17,All
2020-01-18,All
2020-01-19,All
2020-02-04,All
2020-02-05,All
2020-02-06,All
2020-02-07,All
2020-02-08,All
2020-02-09,All
2020-02-10,All
2020-02-11,All
2020-02-12,All
2020-02-13,All
2020-02-14,All
2020-02-15,All
2020-02-16,All
2020-02-17,All
2020-02-18,All
2020-02-19,All
2020-02-20,All
2020-02-21,All
2020-02-22,All
2020-02-23,All
2020-02-24,All
2020-02-25,All
2020-02-26,All
2020-02-27,All
2020-02-28,All
2020-02-29,All
2020-03-01,All
2020-03-02,All
2020-03-03,All
2020-03-04,All
2020-03-05,All
2020-03-06,All
2020-03-07,All
2020-03-08,All
2020-03-09,All
2020-03-10,All
2020-03-11,All
2020-03-12,All
2020-03-13,All
2020-03-14,All
2020-03-15,All
2020-03-16,All
2020-03-17,All
2020-03-18,All
2020-03-19,All
2020-03-20,All
2020-03-21,All
2020-03-22,All
2020-03-23,All
2020-03-24,All
2020-03-25,All
2020-03-26,All
2020-03-27,All
2020-03-28,All
2020-03-29,All
2020-03-30,All
2020-03-31,All
2020-04-01,All
2020-04-02,All
2020-04-03,All
2020-04-04,All
2020-04-05,All
2020-04-06,All
2020-04-07,All
2020-04-08,All
2020-04-09,All
2020-04-10,All
2020-04-11,All
2020-04-12,All
2020-04-13,All
2020-04-14,All
2020-04-15,All
2020-04-16,All
2020-04-17,All
2020-04-18,All
2020-04-19,All
2020-04-20,All
2020-04-21,All
2020-04-22,All
2020-04-23,All
2020-04-24,All
2020-04-25,All
2020-04-26,All
2020-04-27,All
2020-04-28,All
2020-04-29,All
2020-04-30,All
2020-05-01,All
2020-05-02,All
2020-05-03,All
2020-03-01,All
2020-03-02,All
2020-03-03,All
2020-03-04,All
2020-03-05,All
2020-03-06,All
2020-03-07,All
2020-03-08,All
2020-03-09,All
2020-03-10,All
2020-03-11,All
2020-03-12,All
2020-03-13,All
2020-03-14,All
2020-03-15,All
2020-03-16,All
2020-03-17,All
2020-03-18,All
2020-03-19,All
2020-03-20,All
2020-03-21,All
2020-03-22,All
2020-03-23,All
2020-03-24,All
2020-03-25,All
2020-03-26,All
2020-03-27,All
2020-03-28,All
2020-03-29,All
2020-03-30,All
2020-03-31,All
2020-03-21,All
2020-03-22,All
2020-05-12,All
2020-06-01,All
2020-06-02,All
2020-06-03,All
2020-06-04,All
2020-06-05,All
2020-06-06,All
2020-06-07,All
2020-06-08,All
2020-06-09,All
2020-06-10,All
2020-06-11,All
2020-06-12,All
2020-06-13,All
2020-06-14,All
2020-06-15,All
2020-06-16,All
2020-06-17,All
2020-06-18,All
2020-06-19,All
2020-06-20,All
2020-06-21,All
2020-06-22,All
2020-06-23,All
2020-06-24,All
2020-06-25,All
2020-06-26,All
2020-06-27,All
2020-06-28,All
2020-06-29,All
2020-06-30,All
2020-07-01,All
2020-07-02,All
2020-07-03,All
2020-07-04,All
2020-07-05,All
2020-07-06,All
2020-07-07,All
2020-07-08,All
2020-07-09,All
2020-07-10,All
2020-07-11,All
2020-07-12,All
2020-07-13,All
2020-07-14,All
2020-07-15,All
2020-07-16,All
2020-07-17,All
2020-07-18,All
2020-07-19,All
2020-07-20,All
2020-07-21,All
2020-07-22,All
2020-07-23,All
2020-07-24,All
2020-07-25,All
2020-07-26,All
2020-07-27,All
2020-07-28,All
2020-07-29,All
2020-07-30,All
2020-07-31,All
2020-08-01,All
2020-08-02,All
2020-08-03,All
2020-08-04,All
2020-08-05,All
2020-08-06,All
2020-08-07,All
2020-08-08,All
2020-08-09,All
2020-08-10,All
2020-08-11,All
2020-08-12,All
2020-08-13,All
2020-08-14,All
2020-08-15,All
2020-08-16,All
2020-08-17,All
2020-08-18,All
2020-08-19,All
2020-08-20,All
2020-08-21,All
2020-08-22,All
2020-08-23,All
2020-08-24,All
2020-08-25,All
2020-08-26,All
2020-08-27,All
2020-08-28,All
2020-08-29,All
2020-08-30,All
2020-08-31,All
2020-09-01,All
2020-09-02,All
2020-09-03,All
2020-09-04,All
2020-09-05,All
2020-09-06,All
2020-09-07,All
2020-09-08,All
2020-09-09,All
2020-09-10,All
2020-09-11,All
2020-09-12,All
2020-09-13,All
2020-09-14,All
2020-09-15,All
2020-09-16,All
2020-09-17,All
2020-09-18,All
2020-09-19,All
2020-09-20,All
2020-09-21,All
2020-09-22,All
2020-09-23,All
2020-09-24,All
2020-09-25,All
2020-09-26,All
2020-09-27,All
2020-09-28,All
2020-09-29,All
2020-09-30,All
2020-10-01,All
2020-10-02,All
2020-10-03,All
2020-10-04,All
2020-10-05,All
2020-10-06,All
2020-10-07,All
2020-10-08,All
2020-10-09,All
2020-10-10,All
2020-10-11,All
2020-10-12,All
2020-10-13,All
2020-10-14,All
2020-10-15,All
2020-10-16,All
2020-10-17,All
2020-10-18,All
2020-10-19,All
2020-10-20,All
2020-10-21,All
2020-10-22,All
2020-10-23,All
2020-10-24,All
2020-10-25,All
2020-10-26,All
2020-10-27,All
2020-10-28,All
2020-10-29,All
2020-10-30,All
2020-10-31,All
2020-11-01,All
2020-11-02,All
2020-11-03,All
2020-11-04,All
2020-11-05,All
2020-11-06,All
2020-11-07,All
2020-11-08,All
2020-11-09,All
2020-11-10,All
2020-11-11,All
2020-11-12,All
2020-11-13,All
2020-11-14,All
2020-11-15,All
2020-11-16,All
2020-11-17,All
2020-11-18,All
2020-11-19,All
2020-11-20,All
2020-11-21,All
2020-11-22,All
2020-11-23,All
2020-11-24,All
2020-11-25,All
2020-11-26,All
2020-11-27,All
2020-11-28,All
2020-11-29,All
2020-11-30,All
2020-12-01,All
2020-12-02,All
2020-12-03,All
2020-12-04,All
2020-12-05,All
2020-12-06,All
2020-12-07,All
2020-12-08,All
2020-12-09,All
2020-12-10,All
2020-12-11,All
2020-12-12,All
2020-12-13,All
2020-12-14,All
2020-12-15,All
2020-12-16,All
2020-12-17,All
2020-12-18,All
2020-12-19,All
2020-12-20,All
2020-12-21,All
2020-12-22,All
2020-12-23,All
2020-12-24,All
2020-12-25,All
2020-12-26,All
2020-12-27,All
2020-12-28,All
2020-12-29,All
2020-12-30,All
2020-12-31,All
2020-06-23,All
2020-06-24,All
2020-06-25,All
2020-06-26,All
2020-07-31,All
2020-08-01,All
2020-08-02,All
2020-08-03,All
2020-08-04,All
2020-08-05,All
2020-08-06,All
2020-08-07,All
2020-08-08,All
2020-08-09,All
2020-08-10,All
2020-08-11,All
2020-08-12,All
2020-08-13,All
2020-08-14,All
2020-08-15,All
2020-08-16,All
2020-09-07,All
2020-09-08,All
2020-09-09,All
2020-09-10,All
2020-09-11,All
2020-09-12,All
2020-09-13,All
2020-09-14,All
2020-09-15,All
2020-09-16,All
2020-09-17,All
2020-09-18,All
2020-09-19,All
2020-09-20,All
2020-09-27,All
2020-10-01,All
2020-10-02,All
2020-10-03,All
2020-10-04,All
2020-10-05,All
2020-10-06,All
2020-10-07,All
2020-10-08,All
2020-10-09,All
2020-10-10,All
2020-10-11,All
2020-10-12,All
2020-10-13,All
2020-10-14,All
2020-10-17,All
2020-10-18,All
2020-10-19,All
2020-10-20,All
2020-10-21,All
2020-10-22,All
2020-10-23,All
2020-10-24,All
2020-10-25,All
2020-10-26,All
2020-10-27,All
2020-10-28,All
2020-10-29,All
2020-10-30,All
2020-10-31,All
2020-11-01,All
2020-11-02,All
2020-11-03,All
2020-11-04,All
2020-11-05,All
2020-11-06,All
2020-11-07,All
2020-11-08,All
2020-11-09,All
2020-11-10,All
2020-11-11,All
2020-11-12,All
2020-11-13,All
2020-11-14,All
2020-11-15,All
2020-11-16,All
2020-11-17,All
2020-11-18,All
2020-11-19,All
2020-11-20,All
2020-11-21,All
2020-11-22,All
2020-11-23,All
2020-11-24,All
2020-11-25,All
2020-11-26,All
2020-11-27,All
2020-11-28,All
2020-11-29,All
2020-11-30,All
2020-12-01,All
2020-12-02,All
2020-12-03,All
2020-12-04,All
2020-12-05,All
2020-12-06,All
2020-12-07,All
2020-12-08,All
2020-12-09,All
2020-12-10,All
2020-12-11,All
2020-12-12,All
2020-12-13,All
2020-12-14,All
2020-12-15,All
2020-12-16,All
2020-12-17,All
2020-12-18,All
2020-12-19,All
2020-12-20,All
2020-12-21,All
2020-12-22,All
2020-12-23,All
2020-12-24,All
2020-12-25,All
2020-12-26,All
2020-12-27,All
2020-12-28,All
2020-12-29,All
2020-10-17,All
2020-10-18,All
2020-10-19,All
2020-10-20,All
2020-10-21,All
2020-10-22,All
2020-10-23,All
2020-10-24,All
2020-10-25,All
2020-10-26,All
2020-10-27,All
2020-10-28,All
2020-10-29,All
2020-10-30,All
2020-10-31,All
2020-11-01,All
2020-11-02,All
2020-11-03,All
2020-11-04,All
2020-11-05,All
2020-11-06,All
2020-11-07,All
2020-11-08,All
2020-11-09,All
2020-11-10,All
2020-11-11,All
2020-11-12,All
2020-11-13,All
2020-11-14,All
2020-11-15,All
2020-11-12,All
2020-11-13,All
2020-11-14,All
2020-11-15,All
2020-11-16,All
2020-11-17,All
2020-11-18,All
2020-11-19,All
2020-11-20,All
2020-11-21,All
2020-11-22,All
2020-11-23,All
2020-11-24,All
2020-11-25,All
2020-11-26,All
2020-11-27,All
2020-11-28,All
2020-11-29,All
2020-11-20,All
2020-11-21,All
2020-11-22,All
2020-11-23,All
2020-11-24,All
2020-11-25,All
2020-11-26,All
2020-11-27,All
2020-11-28,All
2020-11-29,All
2020-11-30,All
2020-12-01,All
2020-12-02,All
2020-12-03,All
2020-12-04,All
2020-12-05,All
2020-12-06,All
2020-12-07,All
2020-12-08,All
2020-12-09,All
2020-12-10,All
2020-12-11,All
2020-12-12,All
2020-12-13,All
2020-12-14,All
2020-12-15,All
2020-12-16,All
2020-12-17,All
2020-12-18,All
2020-12-19,All
2020-12-20,All
2020-12-21,All
2020-12-22,All
2020-12-23,All
2020-12-24,All
2020-12-25,All
2020-12-26,All
2020-12-27,All
2020-12-28,All
2020-12-29,All
2020-12-30,All
2020-12-31,All
2020-11-27,All
2020-11-28,All
2020-11-29,All
2020-11-30,All
2020-12-01,All
2020-12-02,All
2020-12-03,All
2020-12-04,All
2020-12-05,All
2020-12-06,All
2020-12-07,All
2020-12-08,All
2020-12-09,All
2020-12-10,All
2020-12-11,All
2020-12-12,All
2020-12-13,All
2020-12-14,All
2020-12-15,All
2020-12-16,All
2020-12-17,All
2020-12-18,All
2020-12-19,All
2020-12-20,All
2020-12-21,All
2020-12-22,All
2020-12-23,All
2020-12-24,All
2020-12-25,All
2020-12-26,All
2020-12-27,All
2020-11-28,All
2020-11-29,All
2020-11-30,All
2020-12-01,All
2020-12-02,All
2020-12-03,All
2020-12-04,All
2020-12-05,All
2020-12-06,All
2020-12-07,All
2020-12-08,All
2020-12-09,All
2020-12-10,All
2020-12-11,All
2020-12-12,All
2020-12-13,All
2020-12-14,All
2020-12-15,All
2020-12-16,All
2020-12-17,All
2020-12-18,All
2020-12-19,All
2020-12-20,All
2020-12-21,All
2020-12-22,All
2020-12-23,All
2020-12-24,All
2020-12-25,All
2020-12-26,All
2020-12-27,All
2020-12-28,All
2020-12-29,All
2020-12-30,All
2020-12-31,All
2020-12-01,All
2020-12-02,All
2020-12-03,All
2020-12-04,All
2020-12-05,All
2020-12-06,All
2020-12-07,All
2020-12-08,All
2020-12-09,All
2020-12-10,All
2020-12-11,All
2020-12-12,All
2020-12-13,All
2020-12-14,All
2020-12-15,All
2020-12-16,All
2020-12-17,All
2020-12-18,All
2020-12-19,All
2020-12-20,All
2020-12-21,All
2020-12-22,All
2020-12-23,All
2020-12-24,All
2020-12-25,All
2020-12-26,All
2020-12-27,All
2020-12-28,All
2020-12-29,All
2020-12-30,All
2020-12-31,All
2021-01-01,All
2021-01-02,All
2021-01-03,All
2020-12-04,All
2020-12-05,All
2020-12-06,All
2020-12-07,All
2020-12-08,All
2020-12-09,All
2020-12-10,All
2020-12-11,All
2020-12-12,All
2020-12-13,All
2020-12-14,All
2020-12-15,All
2020-12-16,All
2020-12-17,All
2020-12-18,All
2020-12-19,All
2020-12-20,All
2020-12-21,All
2020-12-22,All
2020-12-23,All
2020-12-24,All
2020-12-25,All
2020-12-26,All
2020-12-27,All
2019-07-01,All
2019-07-02,All
2019-07-03,All
2019-07-04,All
2019-07-05,All
2019-07-06,All
2019-07-07,All
2019-07-08,All
2019-07-09,All
2019-07-10,All
2019-07-11,All
2019-07-12,All
2019-07-13,All
2019-07-14,All
2019-07-15,All
2019-07-16,All
2019-07-17,All
2019-07-18,All
2019-07-19,All
2019-07-20,All
2019-07-21,All
2019-07-22,All
2019-07-23,All
2019-07-24,All
2019-07-25,All
2019-07-26,All
2019-07-27,All
2019-07-28,All
2019-07-29,All
2019-07-30,All
2019-07-31,All
2019-08-01,All
2019-08-02,All
2019-08-03,All
2019-08-04,All
2019-08-05,All
2019-08-06,All
2019-08-07,All
2019-08-08,All
2019-08-09,All
2019-08-10,All
2019-08-11,All
2019-08-12,All
2019-08-13,All
2019-08-14,All
2019-08-15,All
2019-08-16,All
2019-08-17,All
2019-08-18,All
2019-08-19,All
2019-08-20,All
2019-08-21,All
2019-08-22,All
2019-08-23,All
2019-08-24,All
2019-08-25,All
2019-08-26,All
2019-08-27,All
2019-08-28,All
2019-08-29,All
2019-08-30,All
2019-08-31,All
2019-07-04,All
2019-07-05,All
2019-07-06,All
2019-07-07,All
2019-07-22,All
2019-07-23,All
2019-07-24,All
2019-07-25,All
2019-07-26,All
2019-07-27,All
2019-07-28,All
2019-07-10,All
2019-07-11,All
2019-07-12,All
2019-07-13,All
2019-07-14,All
2019-07-12,All
2019-07-13,All
2019-07-14,All
2019-07-12,All
2019-07-13,All
2019-07-14,All
2019-07-15,All
2019-07-16,All
2019-07-17,All
2019-07-18,All
2019-07-19,All
2019-07-20,All
2019-07-21,All
2019-07-22,All
2019-07-23,All
2019-07-24,All
2019-07-25,All
2019-07-26,All
2019-07-27,All
2019-07-28,All
2019-07-13,All
2019-07-14,All
2019-07-26,All
2019-07-27,All
2019-07-19,All
2019-07-20,All
2019-07-21,All
2019-07-22,All
2019-07-23,All
2019-07-24,All
2019-07-25,All
2019-07-26,All
2019-07-27,All
2019-07-28,All
2019-07-20,All
2019-07-21,All
2019-07-24,All
2019-07-25,All
2019-07-26,All
2019-07-27,All
2019-07-28,All
2019-07-29,All
2019-07-30,All
2019-07-31,All
2019-08-01,All
2019-08-02,All
2019-08-03,All
2019-08-04,All
2019-08-05,All
2019-08-06,All
2019-08-07,All
2019-08-08,All
2019-08-09,All
2019-08-10,All
2019-08-11,All
2019-08-12,All
2019-07-26,All
2019-07-27,All
2019-07-26,All
2019-07-27,All
2019-07-28,All
2019-07-29,All
2019-07-30,All
2019-07-31,All
2019-08-01,All
2019-08-02,All
2019-08-03,All
2019-08-04,All
2019-08-01,All
2019-08-02,All
2019-08-03,All
2019-08-04,All
2019-08-05,All
2019-08-06,All
2019-08-07,All
2019-08-08,All
2019-08-09,All
2019-08-10,All
2019-08-11,All
2019-08-12,All
2019-08-13,All
2019-08-14,All
2019-08-15,All
2019-08-16,All
2019-08-17,All
2019-08-18,All
2019-08-03,All
2019-08-16,All
2019-08-17,All
2019-08-18,All
2019-08-19,All
2019-08-20,All
2019-08-21,All
2019-08-22,All
2019-08-23,All
2019-08-24,All
2019-08-25,All
2019-08-26,All
2019-08-27,All
2019-08-28,All
2019-08-29,All
2019-08-30,All
2019-08-31,All
2019-09-01,All
2019-09-02,All
2019-09-03,All
2019-09-04,All
2019-09-05,All
2019-09-06,All
2019-09-07,All
2019-09-08,All
2019-09-09,All
2019-09-10,All
2019-09-11,All
2019-09-12,All
2019-09-13,All
2019-09-14,All
2019-09-15,All
2019-08-16,All
2019-08-17,All
2019-08-24,All
2019-08-25,All
2019-08-31,All
2019-09-06,All
2019-09-07,All
2019-09-08,All
2019-09-09,All
2019-09-10,All
2019-09-11,All
2019-09-12,All
2019-09-13,All
2019-09-14,All
2019-09-15,All
2019-09-16,All
2019-09-17,All
2019-09-18,All
2019-09-19,All
2019-09-20,All
2019-09-21,All
2019-09-22,All
2019-09-15,All
2019-09-28,All
2019-10-04,All
2019-10-05,All
2019-10-06,All
2019-10-07,All
2019-10-08,All
2019-10-09,All
2019-10-10,All
2019-10-11,All
2019-10-12,All
2019-10-13,All
2019-10-14,All
2019-10-15,All
2019-10-16,All
2019-10-17,All
2019-10-18,All
2019-10-19,All
2019-10-20,All
2019-10-21,All
2019-10-22,All
2019-10-23,All
2019-10-24,All
2019-10-25,All
2019-10-26,All
2019-10-27,All
2019-10-28,All
2019-10-11,All
2019-10-12,All
2019-10-25,All
2019-10-26,All
2019-10-27,All
2019-10-28,All
2019-10-29,All
2019-10-30,All
2019-10-31,All
2019-11-01,All
2019-11-02,All
2019-11-03,All
2019-11-07,All
2019-11-08,All
2019-11-09,All
2019-11-10,All
2019-11-11,All
2019-11-12,All
2019-11-13,All
2019-11-14,All
2019-11-15,All
2019-11-16,All
2019-11-17,All
2019-11-18,All
2019-11-19,All
2019-11-20,All
2019-11-21,All
2019-11-22,All
2019-11-23,All
2019-11-24,All
2019-11-09,All
2019-11-10,All
2019-11-11,All
2019-11-12,All
2019-11-13,All
2019-11-14,All
2019-11-15,All
2019-11-16,All
2019-11-21,All
2019-11-22,All
2019-11-23,All
2019-11-24,All
2019-11-25,All
2019-11-26,All
2019-11-27,All
2019-11-28,All
2019-11-29,All
2019-11-30,All
2019-12-01,All
2019-12-02,All
2019-12-03,All
2019-12-04,All
2019-12-05,All
2019-12-06,All
2019-12-07,All
2019-12-08,All
2019-12-09,All
2019-12-10,All
2019-12-11,All
2019-12-12,All
2019-12-13,All
2019-12-14,All
2019-12-15,All
2019-12-16,All
2019-12-17,All
2019-12-18,All
2019-12-19,All
2019-12-20,All
2019-12-21,All
2019-12-22,All
2019-12-23,All
2019-12-24,All
2019-12-25,All
2019-12-26,All
2019-12-27,All
2019-12-28,All
2019-12-29,All
2019-12-30,All
2019-12-31,All
2020-01-01,All
2020-01-02,All
2020-01-03,All
2020-01-04,All
2020-01-05,All
2019-11-27,All
2019-11-28,All
2019-11-29,All
2019-11-30,All
2019-12-01,All
2019-11-27,All
2019-11-28,All
2019-11-29,All
2019-11-30,All
2019-12-01,All
2019-11-29,All
2019-11-30,All
2019-12-01,All
2019-12-02,All
2019-12-03,All
2019-12-04,All
2019-12-05,All
2019-12-06,All
2019-12-07,All
2019-12-08,All
2019-12-09,All
2019-12-10,All
2019-12-11,All
2019-12-12,All
2019-12-13,All
2019-12-14,All
2019-12-15,All
2019-12-16,All
2019-12-17,All
2019-12-18,All
2019-12-19,All
2019-12-20,All
2019-12-21,All
2019-12-22,All
2019-12-23,All
2019-12-24,All
2019-12-25,All
2019-12-26,All
2019-12-27,All
2019-12-28,All
2019-12-29,All
2019-12-30,All
2019-12-31,All
2019-12-06,All
2019-12-07,All
2019-12-08,All
2019-12-09,All
2019-12-10,All
2019-12-11,All
2019-12-12,All
2019-12-13,All
2019-12-14,All
2019-12-15,All
2019-12-16,All
2019-12-17,All
2019-12-18,All
2019-12-19,All
2019-12-20,All
2019-12-21,All
2019-12-22,All
2019-12-23,All
2019-12-24,All
2019-12-25,All
2019-12-13,All
2019-12-14,All
2019-12-15,All
2019-12-16,All
2019-12-17,All
2019-12-18,All
2019-12-19,All
2019-12-20,All
2019-12-21,All
2019-12-22,All
2019-12-23,All
2019-12-24,All
2019-12-20,All
2019-12-21,All
2019-12-22,All
2019-12-23,All
2019-12-24,All
2019-12-25,All
2019-12-26,All
2019-12-27,All
2019-12-28,All
2019-12-29,All
2019-12-30,All
2019-12-31,All
2020-01-01,All
2019-12-20,All
2019-12-21,All
2019-12-21,All
2019-12-22,All
